frame.time,ip.src,ip.dst,_ws.col.protocol,frame.len,tcp.srcport,tcp.dstport,udp.srcport,udp.dstport
"Aug 31, 2025 20:03:10.715147093 EDT","192.168.64.8","8.8.8.8","ICMP","98",,,,
"Aug 31, 2025 20:03:10.721203479 EDT","192.168.64.8","192.168.64.1","DNS","71",,,"35476","53"
"Aug 31, 2025 20:03:10.721216937 EDT","192.168.64.8","192.168.64.1","DNS","71",,,"35476","53"
"Aug 31, 2025 20:03:10.721344020 EDT","192.168.64.8","192.168.64.1","DNS","71",,,"60379","53"
"Aug 31, 2025 20:03:10.721349270 EDT","192.168.64.8","192.168.64.1","DNS","71",,,"60379","53"
"Aug 31, 2025 20:03:10.721426770 EDT","192.168.64.8","192.168.64.1","DNS","71",,,"54347","53"
"Aug 31, 2025 20:03:10.721435811 EDT","192.168.64.8","192.168.64.1","DNS","71",,,"54347","53"
"Aug 31, 2025 20:03:10.723436135 EDT","192.168.64.8","192.168.64.1","DNS","71",,,"43733","53"
"Aug 31, 2025 20:03:10.723446468 EDT","192.168.64.8","192.168.64.1","DNS","71",,,"43733","53"
"Aug 31, 2025 20:03:10.725933581 EDT","192.168.64.8","192.168.64.1","DNS","68",,,"45914","53"
"Aug 31, 2025 20:03:10.725942831 EDT","192.168.64.8","192.168.64.1","DNS","68",,,"45914","53"
"Aug 31, 2025 20:03:10.728408860 EDT","192.168.64.8","192.168.64.1","DNS","68",,,"37048","53"
"Aug 31, 2025 20:03:10.728418068 EDT","192.168.64.8","192.168.64.1","DNS","68",,,"37048","53"
"Aug 31, 2025 20:03:10.729289314 EDT","192.168.64.8","192.168.64.1","DNS","68",,,"58400","53"
"Aug 31, 2025 20:03:10.729296897 EDT","192.168.64.8","192.168.64.1","DNS","68",,,"58400","53"
"Aug 31, 2025 20:03:10.731481970 EDT","192.168.64.8","192.168.64.1","DNS","68",,,"54735","53"
"Aug 31, 2025 20:03:10.731489720 EDT","192.168.64.8","192.168.64.1","DNS","68",,,"54735","53"
"Aug 31, 2025 20:03:10.732573756 EDT","192.168.64.8","192.168.64.1","DNS","68",,,"32954","53"
"Aug 31, 2025 20:03:10.732578964 EDT","192.168.64.8","192.168.64.1","DNS","68",,,"32954","53"
"Aug 31, 2025 20:03:10.732699839 EDT","192.168.64.8","192.168.64.1","DNS","70",,,"52662","53"
"Aug 31, 2025 20:03:10.732701380 EDT","192.168.64.8","192.168.64.1","DNS","70",,,"52662","53"
"Aug 31, 2025 20:03:10.733358711 EDT","192.168.64.8","192.168.64.1","DNS","71",,,"48186","53"
"Aug 31, 2025 20:03:10.733363086 EDT","192.168.64.8","192.168.64.1","DNS","71",,,"48186","53"
"Aug 31, 2025 20:03:10.733582543 EDT",,,"ARP","42",,,,
"Aug 31, 2025 20:03:10.733589751 EDT",,,"ARP","42",,,,
"Aug 31, 2025 20:03:10.733582626 EDT","192.168.64.1","192.168.64.8","DNS","166",,,"53","52662"
"Aug 31, 2025 20:03:10.733582626 EDT",,,"ARP","42",,,,
"Aug 31, 2025 20:03:10.733606709 EDT",,,"ARP","42",,,,
"Aug 31, 2025 20:03:10.733582668 EDT","192.168.64.1","192.168.64.8","DNS","182",,,"53","52662"
"Aug 31, 2025 20:03:10.734017874 EDT","192.168.64.8","192.168.64.1","DNS","70",,,"59731","53"
"Aug 31, 2025 20:03:10.734025916 EDT","192.168.64.8","192.168.64.1","DNS","70",,,"59731","53"
"Aug 31, 2025 20:03:10.734142957 EDT",,,"TCP","94","42792","443",,
"Aug 31, 2025 20:03:10.734973203 EDT","192.168.64.1","192.168.64.8","DNS","166",,,"53","59731"
"Aug 31, 2025 20:03:10.734973328 EDT","192.168.64.1","192.168.64.8","DNS","182",,,"53","59731"
"Aug 31, 2025 20:03:10.735626866 EDT",,,"TCP","94","42804","443",,
"Aug 31, 2025 20:03:10.736161697 EDT","192.168.64.8","192.168.64.1","DNS","70",,,"53279","53"
"Aug 31, 2025 20:03:10.736168363 EDT","192.168.64.8","192.168.64.1","DNS","70",,,"53279","53"
"Aug 31, 2025 20:03:10.736755527 EDT","192.168.64.1","192.168.64.8","DNS","166",,,"53","53279"
"Aug 31, 2025 20:03:10.736755860 EDT","192.168.64.1","192.168.64.8","DNS","182",,,"53","53279"
"Aug 31, 2025 20:03:10.737549273 EDT",,,"TCP","94","42818","443",,
"Aug 31, 2025 20:03:10.737898146 EDT","192.168.64.8","192.168.64.1","DNS","70",,,"59358","53"
"Aug 31, 2025 20:03:10.737903688 EDT","192.168.64.8","192.168.64.1","DNS","70",,,"59358","53"
"Aug 31, 2025 20:03:10.738013604 EDT","192.168.64.8","192.168.64.1","DNS","70",,,"58767","53"
"Aug 31, 2025 20:03:10.738019479 EDT","192.168.64.8","192.168.64.1","DNS","70",,,"58767","53"
"Aug 31, 2025 20:03:10.738127812 EDT","8.8.8.8","192.168.64.8","ICMP","98",,,,
"Aug 31, 2025 20:03:10.738680726 EDT","192.168.64.1","192.168.64.8","DNS","166",,,"53","59358"
"Aug 31, 2025 20:03:10.738680892 EDT","192.168.64.1","192.168.64.8","DNS","182",,,"53","59358"
"Aug 31, 2025 20:03:10.738680934 EDT","192.168.64.1","192.168.64.8","DNS","166",,,"53","58767"
"Aug 31, 2025 20:03:10.738756142 EDT","192.168.64.1","192.168.64.8","DNS","182",,,"53","58767"
"Aug 31, 2025 20:03:10.755407893 EDT","192.168.64.8","192.168.64.1","DNS","70",,,"51130","53"
"Aug 31, 2025 20:03:10.756108139 EDT","192.168.64.1","192.168.64.8","DNS","166",,,"53","51130"
"Aug 31, 2025 20:03:10.756409429 EDT","192.168.64.8","192.168.64.1","DNS","70",,,"51104","53"
"Aug 31, 2025 20:03:10.756903552 EDT","192.168.64.8","192.168.64.1","DNS","70",,,"32933","53"
"Aug 31, 2025 20:03:10.756953552 EDT","192.168.64.1","192.168.64.8","DNS","166",,,"53","51104"
"Aug 31, 2025 20:03:10.757302675 EDT","192.168.64.8","192.168.64.1","DNS","70",,,"56918","53"
"Aug 31, 2025 20:03:10.757438549 EDT","192.168.64.1","192.168.64.8","DNS","166",,,"53","32933"
"Aug 31, 2025 20:03:10.757774131 EDT","192.168.64.8","192.168.64.1","DNS","70",,,"43357","53"
"Aug 31, 2025 20:03:10.757891422 EDT","192.168.64.1","192.168.64.8","DNS","166",,,"53","56918"
"Aug 31, 2025 20:03:10.758392170 EDT","192.168.64.1","192.168.64.8","DNS","182",,,"53","43357"
"Aug 31, 2025 20:03:10.758623585 EDT","192.168.64.8","192.168.64.1","DNS","70",,,"45657","53"
"Aug 31, 2025 20:03:10.759223374 EDT","192.168.64.1","192.168.64.8","DNS","182",,,"53","45657"
"Aug 31, 2025 20:03:10.760711616 EDT","192.168.64.8","192.168.64.1","DNS","70",,,"43250","53"
"Aug 31, 2025 20:03:10.760953824 EDT","192.168.64.8","192.168.64.1","DNS","70",,,"35114","53"
"Aug 31, 2025 20:03:10.761281989 EDT","192.168.64.1","192.168.64.8","DNS","182",,,"53","43250"
"Aug 31, 2025 20:03:10.761422155 EDT","192.168.64.1","192.168.64.8","DNS","182",,,"53","35114"
"Aug 31, 2025 20:03:10.765693425 EDT","192.168.64.8","192.168.64.1","DNS","70",,,"32780","53"
"Aug 31, 2025 20:03:10.766578629 EDT","192.168.64.1","192.168.64.8","DNS","239",,,"53","35476"
"Aug 31, 2025 20:03:10.766578754 EDT","192.168.64.1","192.168.64.8","DNS","239",,,"53","60379"
"Aug 31, 2025 20:03:10.766578796 EDT","192.168.64.1","192.168.64.8","DNS","239",,,"53","54347"
"Aug 31, 2025 20:03:10.766578796 EDT","192.168.64.1","192.168.64.8","DNS","239",,,"53","43733"
"Aug 31, 2025 20:03:10.766578837 EDT","192.168.64.1","192.168.64.8","DNS","239",,,"53","48186"
"Aug 31, 2025 20:03:10.766578837 EDT","192.168.64.1","192.168.64.8","DNS","167",,,"53","35476"
"Aug 31, 2025 20:03:10.766578837 EDT","192.168.64.1","192.168.64.8","DNS","167",,,"53","60379"
"Aug 31, 2025 20:03:10.766578879 EDT","192.168.64.1","192.168.64.8","DNS","167",,,"53","54347"
"Aug 31, 2025 20:03:10.766607337 EDT","192.168.64.1","192.168.64.8","DNS","167",,,"53","43733"
"Aug 31, 2025 20:03:10.766607421 EDT","192.168.64.1","192.168.64.8","DNS","167",,,"53","48186"
"Aug 31, 2025 20:03:10.766751003 EDT",,,"TCP","94","42820","443",,
"Aug 31, 2025 20:03:10.767415000 EDT","192.168.64.1","192.168.64.8","DNS","166",,,"53","32780"
"Aug 31, 2025 20:03:10.767899539 EDT","192.168.64.8","192.168.64.1","DNS","70",,,"56618","53"
"Aug 31, 2025 20:03:10.767933539 EDT",,,"TCP","94","42828","443",,
"Aug 31, 2025 20:03:10.768614244 EDT","192.168.64.8","192.168.64.1","DNS","70",,,"53145","53"
"Aug 31, 2025 20:03:10.768881743 EDT","192.168.64.1","192.168.64.8","DNS","166",,,"53","56618"
"Aug 31, 2025 20:03:10.768937409 EDT",,,"TCP","94","45618","443",,
"Aug 31, 2025 20:03:10.769040825 EDT",,,"TCP","94","45630","443",,
"Aug 31, 2025 20:03:10.769421032 EDT","192.168.64.1","192.168.64.8","DNS","166",,,"53","53145"
"Aug 31, 2025 20:03:10.769680322 EDT",,,"TCP","94","45634","443",,
"Aug 31, 2025 20:03:10.770485360 EDT","192.168.64.8","192.168.64.1","DNS","70",,,"60729","53"
"Aug 31, 2025 20:03:10.771480855 EDT","192.168.64.1","192.168.64.8","DNS","182",,,"53","60729"
"Aug 31, 2025 20:03:10.771657437 EDT","192.168.64.8","192.168.64.1","DNS","70",,,"46927","53"
"Aug 31, 2025 20:03:10.772465641 EDT","192.168.64.1","192.168.64.8","DNS","182",,,"53","46927"
"Aug 31, 2025 20:03:10.776917453 EDT","192.168.64.8","192.168.64.1","DNS","70",,,"57485","53"
"Aug 31, 2025 20:03:10.778121697 EDT","192.168.64.1","192.168.64.8","DNS","166",,,"53","57485"
"Aug 31, 2025 20:03:10.780156103 EDT","192.168.64.8","192.168.64.1","DNS","70",,,"40369","53"
"Aug 31, 2025 20:03:10.780205853 EDT",,,"TCP","94","45642","443",,
"Aug 31, 2025 20:03:10.780238103 EDT",,,"TCP","94","45652","443",,
"Aug 31, 2025 20:03:10.780640143 EDT","192.168.64.8","192.168.64.1","DNS","70",,,"37945","53"
"Aug 31, 2025 20:03:10.780868641 EDT","192.168.64.1","192.168.64.8","DNS","166",,,"53","40369"
"Aug 31, 2025 20:03:10.781210098 EDT","192.168.64.1","192.168.64.8","DNS","182",,,"53","37945"
"Aug 31, 2025 20:03:10.782053469 EDT","192.168.64.8","192.168.64.1","DNS","70",,,"40764","53"
"Aug 31, 2025 20:03:10.782637341 EDT","192.168.64.1","192.168.64.8","DNS","100",,,"53","45914"
"Aug 31, 2025 20:03:10.782637508 EDT","192.168.64.1","192.168.64.8","DNS","100",,,"53","37048"
"Aug 31, 2025 20:03:10.782637508 EDT","192.168.64.1","192.168.64.8","DNS","100",,,"53","58400"
"Aug 31, 2025 20:03:10.782637549 EDT","192.168.64.1","192.168.64.8","DNS","100",,,"53","54735"
"Aug 31, 2025 20:03:10.782684424 EDT","192.168.64.1","192.168.64.8","DNS","100",,,"53","32954"
"Aug 31, 2025 20:03:10.782978048 EDT","192.168.64.1","192.168.64.8","DNS","182",,,"53","40764"
"Aug 31, 2025 20:03:10.783190797 EDT","192.168.64.8","192.168.64.1","DNS","70",,,"49598","53"
"Aug 31, 2025 20:03:10.784027126 EDT","192.168.64.1","192.168.64.8","DNS","182",,,"53","49598"
"Aug 31, 2025 20:03:10.784582373 EDT","192.168.64.8","192.168.64.1","DNS","70",,,"41192","53"
"Aug 31, 2025 20:03:10.785409827 EDT","192.168.64.8","192.168.64.1","DNS","70",,,"58633","53"
"Aug 31, 2025 20:03:10.785427369 EDT","192.168.64.8","192.168.64.1","DNS","70",,,"38804","53"
"Aug 31, 2025 20:03:10.785573868 EDT","192.168.64.1","192.168.64.8","DNS","166",,,"53","41192"
"Aug 31, 2025 20:03:10.785650076 EDT","192.168.64.8","192.168.64.1","DNS","70",,,"48997","53"
"Aug 31, 2025 20:03:10.785898325 EDT","192.168.64.8","192.168.64.1","DNS","70",,,"49985","53"
"Aug 31, 2025 20:03:10.785988199 EDT","192.168.64.8","192.168.64.1","DNS","70",,,"42640","53"
"Aug 31, 2025 20:03:10.786274031 EDT","192.168.64.1","192.168.64.8","DNS","166",,,"53","58633"
"Aug 31, 2025 20:03:10.786274240 EDT","192.168.64.1","192.168.64.8","DNS","166",,,"53","38804"
"Aug 31, 2025 20:03:10.786340948 EDT","192.168.64.1","192.168.64.8","DNS","166",,,"53","48997"
"Aug 31, 2025 20:03:10.786526530 EDT","192.168.64.1","192.168.64.8","DNS","182",,,"53","49985"
"Aug 31, 2025 20:03:10.786592571 EDT","192.168.64.1","192.168.64.8","DNS","166",,,"53","42640"
"Aug 31, 2025 20:03:10.786765029 EDT","192.168.64.8","192.168.64.1","DNS","70",,,"52276","53"
"Aug 31, 2025 20:03:10.786830987 EDT","192.168.64.8","192.168.64.1","DNS","70",,,"50264","53"
"Aug 31, 2025 20:03:10.787147985 EDT","192.168.64.8","192.168.64.1","DNS","70",,,"45665","53"
"Aug 31, 2025 20:03:10.787187110 EDT","192.168.64.8","192.168.64.1","DNS","70",,,"59962","53"
"Aug 31, 2025 20:03:10.787535567 EDT","192.168.64.1","192.168.64.8","DNS","182",,,"53","50264"
"Aug 31, 2025 20:03:10.787535567 EDT","192.168.64.1","192.168.64.8","DNS","182",,,"53","52276"
"Aug 31, 2025 20:03:10.787760732 EDT","192.168.64.8","192.168.64.1","DNS","70",,,"35011","53"
"Aug 31, 2025 20:03:10.787775024 EDT","192.168.64.1","192.168.64.8","DNS","166",,,"53","45665"
"Aug 31, 2025 20:03:10.787775274 EDT","192.168.64.1","192.168.64.8","DNS","182",,,"53","59962"
"Aug 31, 2025 20:03:10.788366521 EDT","192.168.64.1","192.168.64.8","DNS","166",,,"53","35011"
"Aug 31, 2025 20:03:10.788755352 EDT","192.168.64.8","192.168.64.1","DNS","70",,,"58441","53"
"Aug 31, 2025 20:03:10.789065434 EDT","192.168.64.8","192.168.64.1","DNS","70",,,"49658","53"
"Aug 31, 2025 20:03:10.789498974 EDT","192.168.64.8","192.168.64.1","DNS","70",,,"58863","53"
"Aug 31, 2025 20:03:10.789709348 EDT","192.168.64.1","192.168.64.8","DNS","166",,,"53","58441"
"Aug 31, 2025 20:03:10.789709598 EDT","192.168.64.1","192.168.64.8","DNS","182",,,"53","49658"
"Aug 31, 2025 20:03:10.789769722 EDT","192.168.64.8","192.168.64.1","DNS","70",,,"55442","53"
"Aug 31, 2025 20:03:10.790050388 EDT","192.168.64.8","192.168.64.1","DNS","70",,,"50307","53"
"Aug 31, 2025 20:03:10.790131345 EDT","192.168.64.8","192.168.64.1","DNS","70",,,"53055","53"
"Aug 31, 2025 20:03:10.790133095 EDT","192.168.64.1","192.168.64.8","DNS","182",,,"53","58863"
"Aug 31, 2025 20:03:10.790436552 EDT","192.168.64.1","192.168.64.8","DNS","166",,,"53","55442"
"Aug 31, 2025 20:03:10.790663301 EDT","192.168.64.8","192.168.64.1","DNS","70",,,"48206","53"
"Aug 31, 2025 20:03:10.790764801 EDT","192.168.64.1","192.168.64.8","DNS","182",,,"53","50307"
"Aug 31, 2025 20:03:10.790764801 EDT","192.168.64.1","192.168.64.8","DNS","182",,,"53","53055"
"Aug 31, 2025 20:03:10.791247840 EDT","192.168.64.1","192.168.64.8","DNS","182",,,"53","48206"
"Aug 31, 2025 20:03:10.791410714 EDT","192.168.64.8","192.168.64.1","DNS","70",,,"33836","53"
"Aug 31, 2025 20:03:10.791888420 EDT","192.168.64.1","192.168.64.8","DNS","166",,,"53","33836"
"Aug 31, 2025 20:03:10.792159585 EDT","192.168.64.8","192.168.64.1","DNS","70",,,"58975","53"
"Aug 31, 2025 20:03:10.792685541 EDT","192.168.64.1","192.168.64.8","DNS","182",,,"53","58975"
"Aug 31, 2025 20:03:10.794323616 EDT","192.168.64.8","192.168.64.1","DNS","70",,,"35720","53"
"Aug 31, 2025 20:03:10.794798656 EDT","192.168.64.1","192.168.64.8","DNS","166",,,"53","35720"
"Aug 31, 2025 20:03:10.795082988 EDT","192.168.64.8","192.168.64.1","DNS","70",,,"40606","53"
"Aug 31, 2025 20:03:10.795538194 EDT","192.168.64.1","192.168.64.8","DNS","182",,,"53","40606"
"Aug 31, 2025 20:03:10.936389328 EDT","192.168.64.8","64.233.185.100","TCP","74","50266","443",,
"Aug 31, 2025 20:03:10.936401036 EDT","192.168.64.8","64.233.185.100","TCP","74","50268","443",,
"Aug 31, 2025 20:03:10.939135689 EDT","192.168.64.8","64.233.185.100","TCP","74","50278","443",,
"Aug 31, 2025 20:03:10.961078872 EDT","64.233.185.100","192.168.64.8","TCP","74","443","50268",,
"Aug 31, 2025 20:03:10.961106830 EDT","192.168.64.8","64.233.185.100","TCP","66","50268","443",,
"Aug 31, 2025 20:03:10.963346402 EDT","192.168.64.8","64.233.185.100","SSL","1466","50268","443",,
"Aug 31, 2025 20:03:10.963347777 EDT","192.168.64.8","64.233.185.100","TLSv1","363","50268","443",,
"Aug 31, 2025 20:03:10.965692433 EDT","64.233.185.100","192.168.64.8","TCP","74","443","50266",,
"Aug 31, 2025 20:03:10.965692474 EDT","64.233.185.100","192.168.64.8","TCP","74","443","50278",,
"Aug 31, 2025 20:03:10.965711182 EDT","192.168.64.8","64.233.185.100","TCP","66","50266","443",,
"Aug 31, 2025 20:03:10.965724641 EDT","192.168.64.8","64.233.185.100","TCP","66","50278","443",,
"Aug 31, 2025 20:03:10.967250550 EDT","192.168.64.8","64.233.185.100","TCP","74","50292","443",,
"Aug 31, 2025 20:03:10.967755464 EDT","192.168.64.8","64.233.185.100","SSL","1466","50266","443",,
"Aug 31, 2025 20:03:10.967757339 EDT","192.168.64.8","64.233.185.100","TLSv1","363","50266","443",,
"Aug 31, 2025 20:03:10.967780089 EDT","192.168.64.8","64.233.185.100","SSL","1466","50278","443",,
"Aug 31, 2025 20:03:10.967781839 EDT","192.168.64.8","64.233.185.100","TLSv1","363","50278","443",,
"Aug 31, 2025 20:03:10.969074291 EDT","192.168.64.8","64.233.185.100","TCP","74","50298","443",,
"Aug 31, 2025 20:03:10.970047286 EDT","192.168.64.8","23.215.0.136","TCP","74","49640","443",,
"Aug 31, 2025 20:03:10.970057078 EDT","192.168.64.8","23.215.0.136","TCP","74","49642","443",,
"Aug 31, 2025 20:03:10.970231868 EDT","192.168.64.8","23.215.0.136","TCP","74","49656","443",,
"Aug 31, 2025 20:03:10.981319688 EDT","192.168.64.8","23.215.0.136","TCP","74","49666","443",,
"Aug 31, 2025 20:03:10.981362021 EDT","192.168.64.8","23.215.0.136","TCP","74","49678","443",,
"Aug 31, 2025 20:03:10.994924787 EDT","64.233.185.100","192.168.64.8","TCP","74","443","50292",,
"Aug 31, 2025 20:03:10.994924871 EDT","64.233.185.100","192.168.64.8","TCP","66","443","50266",,
"Aug 31, 2025 20:03:10.994924912 EDT","64.233.185.100","192.168.64.8","TCP","66","443","50268",,
"Aug 31, 2025 20:03:10.994924912 EDT","64.233.185.100","192.168.64.8","TCP","66","443","50268",,
"Aug 31, 2025 20:03:10.994924954 EDT","64.233.185.100","192.168.64.8","TCP","66","443","50266",,
"Aug 31, 2025 20:03:10.994924954 EDT","64.233.185.100","192.168.64.8","TLSv1.3","1466","443","50268",,
"Aug 31, 2025 20:03:10.994924996 EDT","64.233.185.100","192.168.64.8","TCP","1466","443","50268",,
"Aug 31, 2025 20:03:10.994925037 EDT","64.233.185.100","192.168.64.8","TLSv1.3","1466","443","50266",,
"Aug 31, 2025 20:03:10.994944579 EDT","192.168.64.8","64.233.185.100","TCP","66","50292","443",,
"Aug 31, 2025 20:03:10.995054953 EDT","192.168.64.8","64.233.185.100","TCP","66","50268","443",,
"Aug 31, 2025 20:03:10.995067162 EDT","192.168.64.8","64.233.185.100","TCP","66","50268","443",,
"Aug 31, 2025 20:03:10.995075037 EDT","192.168.64.8","64.233.185.100","TCP","66","50266","443",,
"Aug 31, 2025 20:03:10.995084203 EDT","64.233.185.100","192.168.64.8","TCP","1466","443","50266",,
"Aug 31, 2025 20:03:10.995084287 EDT","64.233.185.100","192.168.64.8","TCP","1466","443","50266",,
"Aug 31, 2025 20:03:10.995084328 EDT","64.233.185.100","192.168.64.8","TCP","1466","443","50266",,
"Aug 31, 2025 20:03:10.995084328 EDT","64.233.185.100","192.168.64.8","TLSv1.3","887","443","50266",,
"Aug 31, 2025 20:03:10.995084370 EDT","64.233.185.100","192.168.64.8","TCP","1466","443","50268",,
"Aug 31, 2025 20:03:10.995084370 EDT","64.233.185.100","192.168.64.8","TCP","1466","443","50268",,
"Aug 31, 2025 20:03:10.995084412 EDT","64.233.185.100","192.168.64.8","TLSv1.3","887","443","50268",,
"Aug 31, 2025 20:03:10.995084453 EDT","64.233.185.100","192.168.64.8","TCP","66","443","50278",,
"Aug 31, 2025 20:03:10.995088912 EDT","192.168.64.8","64.233.185.100","TCP","66","50266","443",,
"Aug 31, 2025 20:03:10.995089787 EDT","192.168.64.8","64.233.185.100","TCP","66","50266","443",,
"Aug 31, 2025 20:03:10.995090995 EDT","192.168.64.8","64.233.185.100","TCP","66","50266","443",,
"Aug 31, 2025 20:03:10.995091703 EDT","192.168.64.8","64.233.185.100","TCP","66","50266","443",,
"Aug 31, 2025 20:03:10.995092537 EDT","192.168.64.8","64.233.185.100","TCP","66","50268","443",,
"Aug 31, 2025 20:03:10.995093745 EDT","192.168.64.8","64.233.185.100","TCP","66","50268","443",,
"Aug 31, 2025 20:03:10.995094328 EDT","192.168.64.8","64.233.185.100","TCP","66","50268","443",,
"Aug 31, 2025 20:03:10.996411655 EDT","192.168.64.8","64.233.185.100","TLSv1.3","146","50268","443",,
"Aug 31, 2025 20:03:10.996424113 EDT","192.168.64.8","64.233.185.100","TLSv1.3","146","50266","443",,
"Aug 31, 2025 20:03:10.996558363 EDT","192.168.64.8","64.233.185.100","TLSv1.3","193","50268","443",,
"Aug 31, 2025 20:03:10.996563113 EDT","192.168.64.8","64.233.185.100","TLSv1.3","193","50266","443",,
"Aug 31, 2025 20:03:10.996829986 EDT","192.168.64.8","64.233.185.100","SSL","1466","50292","443",,
"Aug 31, 2025 20:03:10.996830986 EDT","192.168.64.8","64.233.185.100","TLSv1","363","50292","443",,
"Aug 31, 2025 20:03:10.999209808 EDT","64.233.185.100","192.168.64.8","TCP","66","443","50278",,
"Aug 31, 2025 20:03:10.999209849 EDT","64.233.185.100","192.168.64.8","TCP","74","443","50298",,
"Aug 31, 2025 20:03:10.999209849 EDT","64.233.185.100","192.168.64.8","TLSv1.3","1466","443","50278",,
"Aug 31, 2025 20:03:10.999209891 EDT","64.233.185.100","192.168.64.8","TCP","1466","443","50278",,
"Aug 31, 2025 20:03:10.999209933 EDT","64.233.185.100","192.168.64.8","TCP","1466","443","50278",,
"Aug 31, 2025 20:03:10.999209933 EDT","64.233.185.100","192.168.64.8","TCP","1466","443","50278",,
"Aug 31, 2025 20:03:10.999209974 EDT","64.233.185.100","192.168.64.8","TLSv1.3","887","443","50278",,
"Aug 31, 2025 20:03:10.999220558 EDT","192.168.64.8","64.233.185.100","TCP","66","50298","443",,
"Aug 31, 2025 20:03:10.999251183 EDT","192.168.64.8","64.233.185.100","TCP","66","50278","443",,
"Aug 31, 2025 20:03:10.999253016 EDT","192.168.64.8","64.233.185.100","TCP","66","50278","443",,
"Aug 31, 2025 20:03:10.999254099 EDT","192.168.64.8","64.233.185.100","TCP","66","50278","443",,
"Aug 31, 2025 20:03:10.999255474 EDT","192.168.64.8","64.233.185.100","TCP","66","50278","443",,
"Aug 31, 2025 20:03:10.999256183 EDT","192.168.64.8","64.233.185.100","TCP","66","50278","443",,
"Aug 31, 2025 20:03:11.000284677 EDT","192.168.64.8","64.233.185.100","TLSv1.3","146","50278","443",,
"Aug 31, 2025 20:03:11.000388635 EDT","192.168.64.8","64.233.185.100","TLSv1.3","193","50278","443",,
"Aug 31, 2025 20:03:11.000799133 EDT","192.168.64.8","64.233.185.100","SSL","1466","50298","443",,
"Aug 31, 2025 20:03:11.000800092 EDT","192.168.64.8","64.233.185.100","TLSv1","363","50298","443",,
"Aug 31, 2025 20:03:11.014062859 EDT","23.215.0.136","192.168.64.8","TCP","74","443","49656",,
"Aug 31, 2025 20:03:11.014062942 EDT","23.215.0.136","192.168.64.8","TCP","74","443","49640",,
"Aug 31, 2025 20:03:11.014062942 EDT","23.215.0.136","192.168.64.8","TCP","74","443","49642",,
"Aug 31, 2025 20:03:11.014062984 EDT","23.215.0.136","192.168.64.8","TCP","74","443","49666",,
"Aug 31, 2025 20:03:11.014077525 EDT","192.168.64.8","23.215.0.136","TCP","66","49656","443",,
"Aug 31, 2025 20:03:11.014088067 EDT","192.168.64.8","23.215.0.136","TCP","66","49640","443",,
"Aug 31, 2025 20:03:11.014092317 EDT","192.168.64.8","23.215.0.136","TCP","66","49642","443",,
"Aug 31, 2025 20:03:11.014100150 EDT","192.168.64.8","23.215.0.136","TCP","66","49666","443",,
"Aug 31, 2025 20:03:11.015531684 EDT","192.168.64.8","23.215.0.136","SSL","1438","49642","443",,
"Aug 31, 2025 20:03:11.015532351 EDT","192.168.64.8","23.215.0.136","TLSv1","392","49642","443",,
"Aug 31, 2025 20:03:11.015564601 EDT","192.168.64.8","23.215.0.136","SSL","1438","49640","443",,
"Aug 31, 2025 20:03:11.015565559 EDT","192.168.64.8","23.215.0.136","TLSv1","392","49640","443",,
"Aug 31, 2025 20:03:11.015572684 EDT","192.168.64.8","23.215.0.136","SSL","1438","49656","443",,
"Aug 31, 2025 20:03:11.015573809 EDT","192.168.64.8","23.215.0.136","TLSv1","392","49656","443",,
"Aug 31, 2025 20:03:11.015585809 EDT","192.168.64.8","23.215.0.136","SSL","1438","49666","443",,
"Aug 31, 2025 20:03:11.015587226 EDT","192.168.64.8","23.215.0.136","TLSv1","392","49666","443",,
"Aug 31, 2025 20:03:11.024275891 EDT","64.233.185.100","192.168.64.8","TLSv1.3","716","443","50266",,
"Aug 31, 2025 20:03:11.024275891 EDT","64.233.185.100","192.168.64.8","TLSv1.3","97","443","50266",,
"Aug 31, 2025 20:03:11.024275932 EDT","64.233.185.100","192.168.64.8","TLSv1.3","716","443","50268",,
"Aug 31, 2025 20:03:11.024275932 EDT","64.233.185.100","192.168.64.8","TLSv1.3","97","443","50268",,
"Aug 31, 2025 20:03:11.024275974 EDT","64.233.185.100","192.168.64.8","TLSv1.3","716","443","50278",,
"Aug 31, 2025 20:03:11.024275974 EDT","64.233.185.100","192.168.64.8","TCP","66","443","50292",,
"Aug 31, 2025 20:03:11.024276016 EDT","23.215.0.136","192.168.64.8","TCP","74","443","49678",,
"Aug 31, 2025 20:03:11.024327349 EDT","192.168.64.8","23.215.0.136","TCP","66","49678","443",,
"Aug 31, 2025 20:03:11.024377473 EDT","192.168.64.8","64.233.185.100","TCP","66","50266","443",,
"Aug 31, 2025 20:03:11.024386598 EDT","192.168.64.8","64.233.185.100","TLSv1.3","97","50266","443",,
"Aug 31, 2025 20:03:11.024407348 EDT","192.168.64.8","64.233.185.100","TLSv1.3","97","50278","443",,
"Aug 31, 2025 20:03:11.024408348 EDT","192.168.64.8","64.233.185.100","TCP","66","50268","443",,
"Aug 31, 2025 20:03:11.024416223 EDT","192.168.64.8","64.233.185.100","TLSv1.3","97","50268","443",,
"Aug 31, 2025 20:03:11.025760425 EDT","192.168.64.8","23.215.0.136","SSL","1438","49678","443",,
"Aug 31, 2025 20:03:11.025761466 EDT","192.168.64.8","23.215.0.136","TLSv1","392","49678","443",,
"Aug 31, 2025 20:03:11.029261866 EDT","64.233.185.100","192.168.64.8","TLSv1.3","97","443","50278",,
"Aug 31, 2025 20:03:11.029261907 EDT","64.233.185.100","192.168.64.8","TCP","66","443","50292",,
"Aug 31, 2025 20:03:11.029261907 EDT","64.233.185.100","192.168.64.8","TCP","66","443","50298",,
"Aug 31, 2025 20:03:11.029261949 EDT","64.233.185.100","192.168.64.8","TCP","66","443","50298",,
"Aug 31, 2025 20:03:11.029261949 EDT","64.233.185.100","192.168.64.8","TLSv1.3","1466","443","50292",,
"Aug 31, 2025 20:03:11.029261991 EDT","64.233.185.100","192.168.64.8","TCP","1466","443","50292",,
"Aug 31, 2025 20:03:11.029261991 EDT","64.233.185.100","192.168.64.8","TCP","1466","443","50292",,
"Aug 31, 2025 20:03:11.029292574 EDT","192.168.64.8","64.233.185.100","TCP","66","50292","443",,
"Aug 31, 2025 20:03:11.029296115 EDT","192.168.64.8","64.233.185.100","TCP","66","50292","443",,
"Aug 31, 2025 20:03:11.029296740 EDT","192.168.64.8","64.233.185.100","TCP","66","50292","443",,
"Aug 31, 2025 20:03:11.029302365 EDT","64.233.185.100","192.168.64.8","TCP","1466","443","50292",,
"Aug 31, 2025 20:03:11.029302407 EDT","64.233.185.100","192.168.64.8","TLSv1.3","887","443","50292",,
"Aug 31, 2025 20:03:11.029302407 EDT","64.233.185.100","192.168.64.8","TLSv1.3","1466","443","50298",,
"Aug 31, 2025 20:03:11.029302407 EDT","64.233.185.100","192.168.64.8","TCP","1466","443","50298",,
"Aug 31, 2025 20:03:11.029302449 EDT","64.233.185.100","192.168.64.8","TCP","1466","443","50298",,
"Aug 31, 2025 20:03:11.029302449 EDT","64.233.185.100","192.168.64.8","TCP","1466","443","50298",,
"Aug 31, 2025 20:03:11.029302490 EDT","64.233.185.100","192.168.64.8","TLSv1.3","887","443","50298",,
"Aug 31, 2025 20:03:11.029304615 EDT","192.168.64.8","64.233.185.100","TCP","66","50292","443",,
"Aug 31, 2025 20:03:11.029305574 EDT","192.168.64.8","64.233.185.100","TCP","66","50292","443",,
"Aug 31, 2025 20:03:11.029312824 EDT","192.168.64.8","64.233.185.100","TCP","66","50298","443",,
"Aug 31, 2025 20:03:11.029313657 EDT","192.168.64.8","64.233.185.100","TCP","66","50298","443",,
"Aug 31, 2025 20:03:11.029314115 EDT","192.168.64.8","64.233.185.100","TCP","66","50298","443",,
"Aug 31, 2025 20:03:11.029314699 EDT","192.168.64.8","64.233.185.100","TCP","66","50298","443",,
"Aug 31, 2025 20:03:11.029401490 EDT","192.168.64.8","64.233.185.100","TCP","66","50298","443",,
"Aug 31, 2025 20:03:11.030336027 EDT","192.168.64.8","64.233.185.100","TLSv1.3","146","50298","443",,
"Aug 31, 2025 20:03:11.030346193 EDT","192.168.64.8","64.233.185.100","TLSv1.3","146","50292","443",,
"Aug 31, 2025 20:03:11.030441485 EDT","192.168.64.8","64.233.185.100","TLSv1.3","193","50298","443",,
"Aug 31, 2025 20:03:11.030443193 EDT","192.168.64.8","64.233.185.100","TLSv1.3","193","50292","443",,
"Aug 31, 2025 20:03:11.039217482 EDT","64.233.185.100","192.168.64.8","TLSv1.3","503","443","50268",,
"Aug 31, 2025 20:03:11.039293274 EDT","192.168.64.8","64.233.185.100","TLSv1.3","105","50268","443",,
"Aug 31, 2025 20:03:11.039335440 EDT","192.168.64.8","64.233.185.100","TLSv1.3","114","50268","443",,
"Aug 31, 2025 20:03:11.039371523 EDT","192.168.64.8","64.233.185.100","TLSv1.3","90","50268","443",,
"Aug 31, 2025 20:03:11.039843854 EDT","192.168.64.8","64.233.185.100","TCP","66","50268","443",,
"Aug 31, 2025 20:03:11.046203947 EDT","64.233.185.100","192.168.64.8","TLSv1.3","503","443","50266",,
"Aug 31, 2025 20:03:11.046203989 EDT","64.233.185.100","192.168.64.8","TLSv1.3","503","443","50278",,
"Aug 31, 2025 20:03:11.046230905 EDT","192.168.64.8","64.233.185.100","TCP","66","50278","443",,
"Aug 31, 2025 20:03:11.046283947 EDT","192.168.64.8","64.233.185.100","TLSv1.3","105","50278","443",,
"Aug 31, 2025 20:03:11.046292697 EDT","192.168.64.8","64.233.185.100","TLSv1.3","105","50266","443",,
"Aug 31, 2025 20:03:11.046319947 EDT","192.168.64.8","64.233.185.100","TLSv1.3","114","50266","443",,
"Aug 31, 2025 20:03:11.046335697 EDT","192.168.64.8","64.233.185.100","TLSv1.3","114","50278","443",,
"Aug 31, 2025 20:03:11.046395530 EDT","192.168.64.8","64.233.185.100","TLSv1.3","90","50278","443",,
"Aug 31, 2025 20:03:11.046399071 EDT","192.168.64.8","64.233.185.100","TLSv1.3","90","50266","443",,
"Aug 31, 2025 20:03:11.046692736 EDT","192.168.64.8","64.233.185.100","TCP","66","50266","443",,
"Aug 31, 2025 20:03:11.046744153 EDT","192.168.64.8","64.233.185.100","TCP","66","50278","443",,
"Aug 31, 2025 20:03:11.053854367 EDT","64.233.185.100","192.168.64.8","TLSv1.3","716","443","50292",,
"Aug 31, 2025 20:03:11.053854409 EDT","64.233.185.100","192.168.64.8","TLSv1.3","716","443","50298",,
"Aug 31, 2025 20:03:11.053854450 EDT","64.233.185.100","192.168.64.8","TLSv1.3","97","443","50298",,
"Aug 31, 2025 20:03:11.053854450 EDT","64.233.185.100","192.168.64.8","TLSv1.3","97","443","50292",,
"Aug 31, 2025 20:03:11.053988741 EDT","192.168.64.8","64.233.185.100","TCP","66","50292","443",,
"Aug 31, 2025 20:03:11.054002825 EDT","192.168.64.8","64.233.185.100","TLSv1.3","97","50292","443",,
"Aug 31, 2025 20:03:11.054014325 EDT","192.168.64.8","64.233.185.100","TCP","66","50298","443",,
"Aug 31, 2025 20:03:11.054024741 EDT","192.168.64.8","64.233.185.100","TLSv1.3","97","50298","443",,
"Aug 31, 2025 20:03:11.059043841 EDT","64.233.185.100","192.168.64.8","TCP","66","443","50268",,
"Aug 31, 2025 20:03:11.059043883 EDT","64.233.185.100","192.168.64.8","TCP","66","443","50266",,
"Aug 31, 2025 20:03:11.059043924 EDT","64.233.185.100","192.168.64.8","TCP","66","443","50278",,
"Aug 31, 2025 20:03:11.059043924 EDT","64.233.185.100","192.168.64.8","TCP","66","443","50268",,
"Aug 31, 2025 20:03:11.059043966 EDT","64.233.185.100","192.168.64.8","TCP","66","443","50268",,
"Aug 31, 2025 20:03:11.059044008 EDT","64.233.185.100","192.168.64.8","TCP","66","443","50268",,
"Aug 31, 2025 20:03:11.059044008 EDT","64.233.185.100","192.168.64.8","TCP","66","443","50268",,
"Aug 31, 2025 20:03:11.059044049 EDT","64.233.185.100","192.168.64.8","TCP","66","443","50268",,
"Aug 31, 2025 20:03:11.059053841 EDT","192.168.64.8","64.233.185.100","TCP","66","50268","443",,
"Aug 31, 2025 20:03:11.065053436 EDT","64.233.185.100","192.168.64.8","TCP","66","443","50266",,
"Aug 31, 2025 20:03:11.065053478 EDT","64.233.185.100","192.168.64.8","TCP","66","443","50278",,
"Aug 31, 2025 20:03:11.065053478 EDT","64.233.185.100","192.168.64.8","TCP","66","443","50278",,
"Aug 31, 2025 20:03:11.065053519 EDT","23.215.0.136","192.168.64.8","TCP","66","443","49642",,
"Aug 31, 2025 20:03:11.065053519 EDT","23.215.0.136","192.168.64.8","TCP","66","443","49640",,
"Aug 31, 2025 20:03:11.065053561 EDT","23.215.0.136","192.168.64.8","TCP","66","443","49656",,
"Aug 31, 2025 20:03:11.065053561 EDT","23.215.0.136","192.168.64.8","TCP","66","443","49666",,
"Aug 31, 2025 20:03:11.069588080 EDT","64.233.185.100","192.168.64.8","TCP","66","443","50266",,
"Aug 31, 2025 20:03:11.069588122 EDT","64.233.185.100","192.168.64.8","TCP","66","443","50266",,
"Aug 31, 2025 20:03:11.069588122 EDT","64.233.185.100","192.168.64.8","TCP","66","443","50278",,
"Aug 31, 2025 20:03:11.069588163 EDT","64.233.185.100","192.168.64.8","TCP","66","443","50278",,
"Aug 31, 2025 20:03:11.069588163 EDT","64.233.185.100","192.168.64.8","TCP","66","443","50266",,
"Aug 31, 2025 20:03:11.069588163 EDT","64.233.185.100","192.168.64.8","TLSv1.3","503","443","50298",,
"Aug 31, 2025 20:03:11.069588205 EDT","23.215.0.136","192.168.64.8","TCP","66","443","49678",,
"Aug 31, 2025 20:03:11.069595538 EDT","192.168.64.8","64.233.185.100","TCP","66","50266","443",,
"Aug 31, 2025 20:03:11.069726163 EDT","192.168.64.8","64.233.185.100","TLSv1.3","105","50298","443",,
"Aug 31, 2025 20:03:11.069764621 EDT","192.168.64.8","64.233.185.100","TLSv1.3","114","50298","443",,
"Aug 31, 2025 20:03:11.069824704 EDT","192.168.64.8","64.233.185.100","TLSv1.3","90","50298","443",,
"Aug 31, 2025 20:03:11.070145660 EDT","192.168.64.8","64.233.185.100","TCP","66","50298","443",,
"Aug 31, 2025 20:03:11.071473737 EDT","64.233.185.100","192.168.64.8","TCP","66","443","50278",,
"Aug 31, 2025 20:03:11.071478154 EDT","192.168.64.8","64.233.185.100","TCP","66","50278","443",,
"Aug 31, 2025 20:03:11.082580306 EDT","64.233.185.100","192.168.64.8","TCP","66","443","50292",,
"Aug 31, 2025 20:03:11.082580348 EDT","64.233.185.100","192.168.64.8","TLSv1.3","503","443","50292",,
"Aug 31, 2025 20:03:11.082580348 EDT","64.233.185.100","192.168.64.8","TCP","66","443","50298",,
"Aug 31, 2025 20:03:11.082686097 EDT","192.168.64.8","64.233.185.100","TLSv1.3","105","50292","443",,
"Aug 31, 2025 20:03:11.082727222 EDT","192.168.64.8","64.233.185.100","TLSv1.3","114","50292","443",,
"Aug 31, 2025 20:03:11.083040679 EDT","192.168.64.8","64.233.185.100","TLSv1.3","90","50292","443",,
"Aug 31, 2025 20:03:11.083482177 EDT","192.168.64.8","64.233.185.100","TCP","66","50292","443",,
"Aug 31, 2025 20:03:11.106631019 EDT","64.233.185.100","192.168.64.8","TCP","66","443","50292",,
"Aug 31, 2025 20:03:11.106631436 EDT","64.233.185.100","192.168.64.8","TCP","66","443","50298",,
"Aug 31, 2025 20:03:11.106631477 EDT","64.233.185.100","192.168.64.8","TCP","66","443","50298",,
"Aug 31, 2025 20:03:11.106631477 EDT","64.233.185.100","192.168.64.8","TCP","66","443","50298",,
"Aug 31, 2025 20:03:11.106631519 EDT","64.233.185.100","192.168.64.8","TCP","66","443","50298",,
"Aug 31, 2025 20:03:11.106631519 EDT","64.233.185.100","192.168.64.8","TCP","66","443","50292",,
"Aug 31, 2025 20:03:11.106668019 EDT","192.168.64.8","64.233.185.100","TCP","66","50298","443",,
"Aug 31, 2025 20:03:11.106677977 EDT","192.168.64.8","64.233.185.100","TCP","66","50292","443",,
"Aug 31, 2025 20:03:11.118511751 EDT","192.168.64.1","192.168.64.8","DNS","124",,,"53","45914"
"Aug 31, 2025 20:03:11.118543001 EDT","192.168.64.1","192.168.64.8","DNS","124",,,"53","37048"
"Aug 31, 2025 20:03:11.118711125 EDT","192.168.64.1","192.168.64.8","DNS","124",,,"53","58400"
"Aug 31, 2025 20:03:11.118748750 EDT",,,"TCP","94","38782","443",,
"Aug 31, 2025 20:03:11.118805541 EDT",,,"TCP","94","38796","443",,
"Aug 31, 2025 20:03:11.118854374 EDT",,,"TCP","94","38802","443",,
"Aug 31, 2025 20:03:11.118904291 EDT","192.168.64.1","192.168.64.8","DNS","124",,,"53","54735"
"Aug 31, 2025 20:03:11.118904291 EDT","192.168.64.1","192.168.64.8","DNS","124",,,"53","32954"
"Aug 31, 2025 20:03:11.119050123 EDT",,,"TCP","94","38806","443",,
"Aug 31, 2025 20:03:11.119103956 EDT",,,"TCP","94","38808","443",,
"Aug 31, 2025 20:03:11.194269704 EDT","23.215.0.136","192.168.64.8","TLSv1.3","1474","443","49642",,
"Aug 31, 2025 20:03:11.194269746 EDT","23.215.0.136","192.168.64.8","TLSv1.3","1388","443","49642",,
"Aug 31, 2025 20:03:11.194281204 EDT","192.168.64.8","23.215.0.136","TCP","66","49642","443",,
"Aug 31, 2025 20:03:11.194287454 EDT","192.168.64.8","23.215.0.136","TCP","66","49642","443",,
"Aug 31, 2025 20:03:11.196174570 EDT","192.168.64.8","23.215.0.136","TLSv1.3","146","49642","443",,
"Aug 31, 2025 20:03:11.196319444 EDT","192.168.64.8","23.215.0.136","TLSv1.3","194","49642","443",,
"Aug 31, 2025 20:03:11.231615308 EDT","23.215.0.136","192.168.64.8","TCP","66","443","49642",,
"Aug 31, 2025 20:03:11.237018990 EDT","23.215.0.136","192.168.64.8","TCP","66","443","49642",,
"Aug 31, 2025 20:03:11.237019115 EDT","23.215.0.136","192.168.64.8","TLSv1.3","369","443","49642",,
"Aug 31, 2025 20:03:11.237019156 EDT","23.215.0.136","192.168.64.8","TLSv1.3","369","443","49642",,
"Aug 31, 2025 20:03:11.237019156 EDT","23.215.0.136","192.168.64.8","TLSv1.3","127","443","49642",,
"Aug 31, 2025 20:03:11.237019198 EDT","23.215.0.136","192.168.64.8","TLSv1.3","97","443","49642",,
"Aug 31, 2025 20:03:11.237019240 EDT","23.215.0.136","192.168.64.8","TLSv1.3","256","443","49642",,
"Aug 31, 2025 20:03:11.237019240 EDT","23.215.0.136","192.168.64.8","TLSv1.3","97","443","49642",,
"Aug 31, 2025 20:03:11.237334655 EDT","192.168.64.8","23.215.0.136","TCP","66","49642","443",,
"Aug 31, 2025 20:03:11.237389321 EDT","192.168.64.8","23.215.0.136","TLSv1.3","97","49642","443",,
"Aug 31, 2025 20:03:11.237455862 EDT","192.168.64.8","23.215.0.136","TLSv1.3","114","49642","443",,
"Aug 31, 2025 20:03:11.237523654 EDT","192.168.64.8","23.215.0.136","TLSv1.3","90","49642","443",,
"Aug 31, 2025 20:03:11.238517982 EDT","192.168.64.8","23.215.0.136","TCP","66","49642","443",,
"Aug 31, 2025 20:03:11.276922373 EDT","23.215.0.136","192.168.64.8","TCP","66","443","49642",,
"Aug 31, 2025 20:03:11.280972144 EDT","23.215.0.136","192.168.64.8","TLSv1.3","90","443","49642",,
"Aug 31, 2025 20:03:11.280972186 EDT","23.215.0.136","192.168.64.8","TCP","66","443","49642",,
"Aug 31, 2025 20:03:11.280985811 EDT","192.168.64.8","23.215.0.136","TCP","54","49642","443",,
"Aug 31, 2025 20:03:11.281006644 EDT","192.168.64.8","23.215.0.136","TCP","54","49642","443",,
"Aug 31, 2025 20:03:11.306641015 EDT","192.168.64.8","23.215.0.136","TCP","392","49666","443",,
"Aug 31, 2025 20:03:11.317239920 EDT","192.168.64.8","23.215.0.136","TCP","392","49678","443",,
"Aug 31, 2025 20:03:11.317255087 EDT","192.168.64.8","23.215.0.136","TCP","392","49656","443",,
"Aug 31, 2025 20:03:11.317258545 EDT","192.168.64.8","23.215.0.136","TCP","392","49640","443",,
"Aug 31, 2025 20:03:11.320141281 EDT","192.168.64.8","104.18.4.159","TCP","74","55206","443",,
"Aug 31, 2025 20:03:11.320344822 EDT","192.168.64.8","104.18.4.159","TCP","74","55222","443",,
"Aug 31, 2025 20:03:11.320359072 EDT","192.168.64.8","104.18.4.159","TCP","74","55228","443",,
"Aug 31, 2025 20:03:11.320388780 EDT","192.168.64.8","104.18.4.159","TCP","74","55242","443",,
"Aug 31, 2025 20:03:11.320526112 EDT","192.168.64.8","104.18.4.159","TCP","74","55252","443",,
"Aug 31, 2025 20:03:11.338955562 EDT","23.215.0.136","192.168.64.8","TCP","78","443","49666",,
"Aug 31, 2025 20:03:11.352323036 EDT","23.215.0.136","192.168.64.8","TCP","78","443","49656",,
"Aug 31, 2025 20:03:11.352323119 EDT","23.215.0.136","192.168.64.8","TCP","78","443","49640",,
"Aug 31, 2025 20:03:11.352323161 EDT","23.215.0.136","192.168.64.8","TCP","78","443","49678",,
"Aug 31, 2025 20:03:11.375628419 EDT","104.18.4.159","192.168.64.8","TCP","74","443","55242",,
"Aug 31, 2025 20:03:11.375628961 EDT","104.18.4.159","192.168.64.8","TCP","74","443","55222",,
"Aug 31, 2025 20:03:11.375629003 EDT","104.18.4.159","192.168.64.8","TCP","74","443","55228",,
"Aug 31, 2025 20:03:11.375629003 EDT","104.18.4.159","192.168.64.8","TCP","74","443","55206",,
"Aug 31, 2025 20:03:11.375629044 EDT","104.18.4.159","192.168.64.8","TCP","74","443","55252",,
"Aug 31, 2025 20:03:11.375709960 EDT","192.168.64.8","104.18.4.159","TCP","66","55242","443",,
"Aug 31, 2025 20:03:11.375776918 EDT","192.168.64.8","104.18.4.159","TCP","66","55222","443",,
"Aug 31, 2025 20:03:11.375847293 EDT","192.168.64.8","104.18.4.159","TCP","66","55228","443",,
"Aug 31, 2025 20:03:11.376023251 EDT","192.168.64.8","104.18.4.159","TCP","66","55206","443",,
"Aug 31, 2025 20:03:11.376063209 EDT","192.168.64.8","104.18.4.159","TCP","66","55252","443",,
"Aug 31, 2025 20:03:11.378907486 EDT","192.168.64.8","104.18.4.159","SSL","1454","55242","443",,
"Aug 31, 2025 20:03:11.378912444 EDT","192.168.64.8","104.18.4.159","TLSv1","373","55242","443",,
"Aug 31, 2025 20:03:11.378931236 EDT","192.168.64.8","104.18.4.159","SSL","1454","55206","443",,
"Aug 31, 2025 20:03:11.378933778 EDT","192.168.64.8","104.18.4.159","TLSv1","373","55206","443",,
"Aug 31, 2025 20:03:11.378952527 EDT","192.168.64.8","104.18.4.159","SSL","1454","55222","443",,
"Aug 31, 2025 20:03:11.378955277 EDT","192.168.64.8","104.18.4.159","TLSv1","373","55222","443",,
"Aug 31, 2025 20:03:11.380149188 EDT","192.168.64.8","104.18.4.159","SSL","1454","55228","443",,
"Aug 31, 2025 20:03:11.380152021 EDT","192.168.64.8","104.18.4.159","TLSv1","373","55228","443",,
"Aug 31, 2025 20:03:11.382499718 EDT","192.168.64.8","104.18.4.159","SSL","1454","55252","443",,
"Aug 31, 2025 20:03:11.382501426 EDT","192.168.64.8","104.18.4.159","TLSv1","373","55252","443",,
"Aug 31, 2025 20:03:11.424406299 EDT","23.215.0.136","192.168.64.8","TCP","1474","443","49666",,
"Aug 31, 2025 20:03:11.424431758 EDT","192.168.64.8","23.215.0.136","TCP","66","49666","443",,
"Aug 31, 2025 20:03:11.430104146 EDT","23.215.0.136","192.168.64.8","TCP","1390","443","49666",,
"Aug 31, 2025 20:03:11.430104229 EDT","23.215.0.136","192.168.64.8","TCP","1474","443","49656",,
"Aug 31, 2025 20:03:11.430104229 EDT","23.215.0.136","192.168.64.8","TCP","1388","443","49656",,
"Aug 31, 2025 20:03:11.430117104 EDT","192.168.64.8","23.215.0.136","TCP","66","49666","443",,
"Aug 31, 2025 20:03:11.430157521 EDT","192.168.64.8","23.215.0.136","TCP","66","49656","443",,
"Aug 31, 2025 20:03:11.430161396 EDT","192.168.64.8","23.215.0.136","TCP","66","49656","443",,
"Aug 31, 2025 20:03:11.431713429 EDT","192.168.64.8","23.215.0.136","TLSv1.2","146","49666","443",,
"Aug 31, 2025 20:03:11.431835554 EDT","192.168.64.8","23.215.0.136","TLSv1.2","194","49666","443",,
"Aug 31, 2025 20:03:11.431990761 EDT","192.168.64.8","23.215.0.136","TLSv1.2","146","49656","443",,
"Aug 31, 2025 20:03:11.432091719 EDT","192.168.64.8","23.215.0.136","TLSv1.2","194","49656","443",,
"Aug 31, 2025 20:03:11.439775014 EDT","104.18.4.159","192.168.64.8","TCP","66","443","55242",,
"Aug 31, 2025 20:03:11.439775097 EDT","104.18.4.159","192.168.64.8","TCP","66","443","55242",,
"Aug 31, 2025 20:03:11.439775139 EDT","104.18.4.159","192.168.64.8","TCP","66","443","55228",,
"Aug 31, 2025 20:03:11.439775139 EDT","104.18.4.159","192.168.64.8","TCP","66","443","55222",,
"Aug 31, 2025 20:03:11.439775181 EDT","104.18.4.159","192.168.64.8","TCP","66","443","55222",,
"Aug 31, 2025 20:03:11.439775222 EDT","104.18.4.159","192.168.64.8","TCP","66","443","55228",,
"Aug 31, 2025 20:03:11.439775222 EDT","104.18.4.159","192.168.64.8","TCP","66","443","55252",,
"Aug 31, 2025 20:03:11.439775264 EDT","104.18.4.159","192.168.64.8","TCP","66","443","55252",,
"Aug 31, 2025 20:03:11.439796556 EDT","104.18.4.159","192.168.64.8","TCP","66","443","55206",,
"Aug 31, 2025 20:03:11.444310866 EDT","104.18.4.159","192.168.64.8","TCP","66","443","55206",,
"Aug 31, 2025 20:03:11.444310908 EDT","104.18.4.159","192.168.64.8","TLSv1.3","1486","443","55242",,
"Aug 31, 2025 20:03:11.444310950 EDT","104.18.4.159","192.168.64.8","TCP","1486","443","55242",,
"Aug 31, 2025 20:03:11.444310991 EDT","104.18.4.159","192.168.64.8","TLSv1.3","1138","443","55242",,
"Aug 31, 2025 20:03:11.444311033 EDT","104.18.4.159","192.168.64.8","TLSv1.3","1486","443","55252",,
"Aug 31, 2025 20:03:11.444311075 EDT","104.18.4.159","192.168.64.8","TCP","1486","443","55252",,
"Aug 31, 2025 20:03:11.444311075 EDT","104.18.4.159","192.168.64.8","TLSv1.3","1138","443","55252",,
"Aug 31, 2025 20:03:11.444311116 EDT","104.18.4.159","192.168.64.8","TLSv1.3","1486","443","55228",,
"Aug 31, 2025 20:03:11.444321533 EDT","192.168.64.8","104.18.4.159","TCP","66","55242","443",,
"Aug 31, 2025 20:03:11.444334699 EDT","192.168.64.8","104.18.4.159","TCP","66","55242","443",,
"Aug 31, 2025 20:03:11.444336074 EDT","192.168.64.8","104.18.4.159","TCP","66","55242","443",,
"Aug 31, 2025 20:03:11.444343824 EDT","192.168.64.8","104.18.4.159","TCP","66","55252","443",,
"Aug 31, 2025 20:03:11.444344949 EDT","192.168.64.8","104.18.4.159","TCP","66","55252","443",,
"Aug 31, 2025 20:03:11.444345699 EDT","192.168.64.8","104.18.4.159","TCP","66","55252","443",,
"Aug 31, 2025 20:03:11.444353449 EDT","192.168.64.8","104.18.4.159","TCP","66","55228","443",,
"Aug 31, 2025 20:03:11.445703901 EDT","192.168.64.8","104.18.4.159","TLSv1.3","146","55252","443",,
"Aug 31, 2025 20:03:11.445718317 EDT","192.168.64.8","104.18.4.159","TLSv1.3","146","55242","443",,
"Aug 31, 2025 20:03:11.445791567 EDT","192.168.64.8","104.18.4.159","TLSv1.3","192","55252","443",,
"Aug 31, 2025 20:03:11.445823400 EDT","192.168.64.8","104.18.4.159","TLSv1.3","192","55242","443",,
"Aug 31, 2025 20:03:11.447554850 EDT","104.18.4.159","192.168.64.8","TCP","1486","443","55228",,
"Aug 31, 2025 20:03:11.447554933 EDT","104.18.4.159","192.168.64.8","TLSv1.3","1138","443","55228",,
"Aug 31, 2025 20:03:11.447567767 EDT","192.168.64.8","104.18.4.159","TCP","66","55228","443",,
"Aug 31, 2025 20:03:11.447575808 EDT","192.168.64.8","104.18.4.159","TCP","66","55228","443",,
"Aug 31, 2025 20:03:11.448672428 EDT","192.168.64.8","104.18.4.159","TLSv1.3","146","55228","443",,
"Aug 31, 2025 20:03:11.448771427 EDT","192.168.64.8","104.18.4.159","TLSv1.3","192","55228","443",,
"Aug 31, 2025 20:03:11.448983926 EDT","23.215.0.136","192.168.64.8","TCP","1474","443","49640",,
"Aug 31, 2025 20:03:11.448983968 EDT","23.215.0.136","192.168.64.8","TCP","1390","443","49640",,
"Aug 31, 2025 20:03:11.448984009 EDT","104.18.4.159","192.168.64.8","TLSv1.3","1486","443","55206",,
"Aug 31, 2025 20:03:11.448984009 EDT","104.18.4.159","192.168.64.8","TCP","1486","443","55206",,
"Aug 31, 2025 20:03:11.448984051 EDT","104.18.4.159","192.168.64.8","TLSv1.3","1139","443","55206",,
"Aug 31, 2025 20:03:11.448984093 EDT","104.18.4.159","192.168.64.8","TLSv1.3","1486","443","55222",,
"Aug 31, 2025 20:03:11.448984093 EDT","104.18.4.159","192.168.64.8","TCP","1486","443","55222",,
"Aug 31, 2025 20:03:11.448984134 EDT","104.18.4.159","192.168.64.8","TLSv1.3","1139","443","55222",,
"Aug 31, 2025 20:03:11.448998843 EDT","192.168.64.8","23.215.0.136","TCP","66","49640","443",,
"Aug 31, 2025 20:03:11.449006009 EDT","192.168.64.8","23.215.0.136","TCP","66","49640","443",,
"Aug 31, 2025 20:03:11.449038009 EDT","192.168.64.8","104.18.4.159","TCP","66","55206","443",,
"Aug 31, 2025 20:03:11.449040926 EDT","192.168.64.8","104.18.4.159","TCP","66","55206","443",,
"Aug 31, 2025 20:03:11.449041842 EDT","192.168.64.8","104.18.4.159","TCP","66","55206","443",,
"Aug 31, 2025 20:03:11.449046801 EDT","192.168.64.8","104.18.4.159","TCP","66","55222","443",,
"Aug 31, 2025 20:03:11.449047884 EDT","192.168.64.8","104.18.4.159","TCP","66","55222","443",,
"Aug 31, 2025 20:03:11.449048551 EDT","192.168.64.8","104.18.4.159","TCP","66","55222","443",,
"Aug 31, 2025 20:03:11.450402877 EDT","192.168.64.8","104.18.4.159","TLSv1.3","146","55222","443",,
"Aug 31, 2025 20:03:11.450424252 EDT","192.168.64.8","104.18.4.159","TLSv1.3","146","55206","443",,
"Aug 31, 2025 20:03:11.450506002 EDT","192.168.64.8","104.18.4.159","TLSv1.3","192","55206","443",,
"Aug 31, 2025 20:03:11.450512793 EDT","192.168.64.8","104.18.4.159","TLSv1.3","192","55222","443",,
"Aug 31, 2025 20:03:11.450700417 EDT","192.168.64.8","23.215.0.136","TLSv1.2","146","49640","443",,
"Aug 31, 2025 20:03:11.450794042 EDT","192.168.64.8","23.215.0.136","TLSv1.2","194","49640","443",,
"Aug 31, 2025 20:03:11.472962806 EDT","23.215.0.136","192.168.64.8","TCP","66","443","49656",,
"Aug 31, 2025 20:03:11.472962889 EDT","23.215.0.136","192.168.64.8","TCP","66","443","49656",,
"Aug 31, 2025 20:03:11.472962931 EDT","23.215.0.136","192.168.64.8","TCP","66","443","49666",,
"Aug 31, 2025 20:03:11.472962972 EDT","23.215.0.136","192.168.64.8","TCP","66","443","49666",,
"Aug 31, 2025 20:03:11.479864604 EDT","23.215.0.136","192.168.64.8","TLSv1.2","353","443","49666",,
"Aug 31, 2025 20:03:11.479864646 EDT","23.215.0.136","192.168.64.8","TLSv1.2","353","443","49666",,
"Aug 31, 2025 20:03:11.479864688 EDT","23.215.0.136","192.168.64.8","TCP","1474","443","49678",,
"Aug 31, 2025 20:03:11.479864729 EDT","23.215.0.136","192.168.64.8","TCP","1389","443","49678",,
"Aug 31, 2025 20:03:11.479901188 EDT","192.168.64.8","23.215.0.136","TCP","66","49678","443",,
"Aug 31, 2025 20:03:11.479909813 EDT","192.168.64.8","23.215.0.136","TCP","66","49678","443",,
"Aug 31, 2025 20:03:11.480025104 EDT","192.168.64.8","23.215.0.136","TCP","66","49666","443",,
"Aug 31, 2025 20:03:11.481910719 EDT","192.168.64.8","23.215.0.136","TLSv1.2","146","49678","443",,
"Aug 31, 2025 20:03:11.482017427 EDT","192.168.64.8","23.215.0.136","TLSv1.2","194","49678","443",,
"Aug 31, 2025 20:03:11.493427495 EDT","23.215.0.136","192.168.64.8","TCP","66","443","49640",,
"Aug 31, 2025 20:03:11.493427578 EDT","23.215.0.136","192.168.64.8","TCP","66","443","49640",,
"Aug 31, 2025 20:03:11.493427620 EDT","23.215.0.136","192.168.64.8","TLSv1.2","369","443","49640",,
"Aug 31, 2025 20:03:11.493427661 EDT","23.215.0.136","192.168.64.8","TLSv1.2","353","443","49640",,
"Aug 31, 2025 20:03:11.493427703 EDT","23.215.0.136","192.168.64.8","TLSv1.2","127","443","49640",,
"Aug 31, 2025 20:03:11.493427745 EDT","23.215.0.136","192.168.64.8","TLSv1.2","97","443","49640",,
"Aug 31, 2025 20:03:11.493427786 EDT","23.215.0.136","192.168.64.8","TLSv1.2","256","443","49640",,
"Aug 31, 2025 20:03:11.493427828 EDT","23.215.0.136","192.168.64.8","TLSv1.2","369","443","49656",,
"Aug 31, 2025 20:03:11.493505703 EDT","23.215.0.136","192.168.64.8","TLSv1.2","369","443","49656",,
"Aug 31, 2025 20:03:11.493505744 EDT","23.215.0.136","192.168.64.8","TLSv1.2","97","443","49640",,
"Aug 31, 2025 20:03:11.493617785 EDT","192.168.64.8","23.215.0.136","TCP","66","49656","443",,
"Aug 31, 2025 20:03:11.493709452 EDT","192.168.64.8","23.215.0.136","TCP","66","49640","443",,
"Aug 31, 2025 20:03:11.493727868 EDT","192.168.64.8","23.215.0.136","TLSv1.2","97","49640","443",,
"Aug 31, 2025 20:03:11.493779243 EDT","192.168.64.8","23.215.0.136","TLSv1.2","114","49640","443",,
"Aug 31, 2025 20:03:11.493916951 EDT","192.168.64.8","23.215.0.136","TLSv1.2","90","49640","443",,
"Aug 31, 2025 20:03:11.494480156 EDT","192.168.64.8","23.215.0.136","TCP","66","49640","443",,
"Aug 31, 2025 20:03:11.499196007 EDT","23.215.0.136","192.168.64.8","TLSv1.2","127","443","49666",,
"Aug 31, 2025 20:03:11.499196091 EDT","23.215.0.136","192.168.64.8","TLSv1.2","97","443","49666",,
"Aug 31, 2025 20:03:11.499196132 EDT","104.18.4.159","192.168.64.8","TCP","66","443","55242",,
"Aug 31, 2025 20:03:11.499196174 EDT","104.18.4.159","192.168.64.8","TLSv1.3","619","443","55242",,
"Aug 31, 2025 20:03:11.499196216 EDT","104.18.4.159","192.168.64.8","TCP","66","443","55252",,
"Aug 31, 2025 20:03:11.499196257 EDT","104.18.4.159","192.168.64.8","TLSv1.3","619","443","55252",,
"Aug 31, 2025 20:03:11.499196299 EDT","104.18.4.159","192.168.64.8","TLSv1.3","610","443","55228",,
"Aug 31, 2025 20:03:11.499196341 EDT","23.215.0.136","192.168.64.8","TLSv1.2","256","443","49666",,
"Aug 31, 2025 20:03:11.499270174 EDT","23.215.0.136","192.168.64.8","TLSv1.2","97","443","49666",,
"Aug 31, 2025 20:03:11.499325673 EDT","192.168.64.8","23.215.0.136","TCP","66","49666","443",,
"Aug 31, 2025 20:03:11.499353673 EDT","192.168.64.8","23.215.0.136","TLSv1.2","97","49666","443",,
"Aug 31, 2025 20:03:11.499391298 EDT","192.168.64.8","23.215.0.136","TLSv1.2","114","49666","443",,
"Aug 31, 2025 20:03:11.499393923 EDT","192.168.64.8","104.18.4.159","TLSv1.3","97","55242","443",,
"Aug 31, 2025 20:03:11.499437756 EDT","192.168.64.8","104.18.4.159","TLSv1.3","97","55228","443",,
"Aug 31, 2025 20:03:11.499481256 EDT","192.168.64.8","104.18.4.159","TLSv1.3","97","55252","443",,
"Aug 31, 2025 20:03:11.499564256 EDT","192.168.64.8","23.215.0.136","TLSv1.2","90","49666","443",,
"Aug 31, 2025 20:03:11.500002628 EDT","192.168.64.8","23.215.0.136","TCP","66","49666","443",,
"Aug 31, 2025 20:03:11.509713413 EDT","23.215.0.136","192.168.64.8","TLSv1.2","127","443","49656",,
"Aug 31, 2025 20:03:11.509713455 EDT","23.215.0.136","192.168.64.8","TLSv1.2","97","443","49656",,
"Aug 31, 2025 20:03:11.509713496 EDT","104.18.4.159","192.168.64.8","TCP","66","443","55222",,
"Aug 31, 2025 20:03:11.509713538 EDT","104.18.4.159","192.168.64.8","TLSv1.3","97","443","55228",,
"Aug 31, 2025 20:03:11.509713580 EDT","104.18.4.159","192.168.64.8","TLSv1.3","619","443","55222",,
"Aug 31, 2025 20:03:11.509713621 EDT","104.18.4.159","192.168.64.8","TCP","66","443","55206",,
"Aug 31, 2025 20:03:11.509713663 EDT","104.18.4.159","192.168.64.8","TLSv1.3","619","443","55206",,
"Aug 31, 2025 20:03:11.509842704 EDT","192.168.64.8","23.215.0.136","TCP","66","49656","443",,
"Aug 31, 2025 20:03:11.509866037 EDT","192.168.64.8","23.215.0.136","TLSv1.2","97","49656","443",,
"Aug 31, 2025 20:03:11.509915120 EDT","192.168.64.8","104.18.4.159","TLSv1.3","97","55222","443",,
"Aug 31, 2025 20:03:11.509949620 EDT","192.168.64.8","104.18.4.159","TLSv1.3","97","55206","443",,
"Aug 31, 2025 20:03:11.513717143 EDT","23.215.0.136","192.168.64.8","TLSv1.2","256","443","49656",,
"Aug 31, 2025 20:03:11.513717185 EDT","23.215.0.136","192.168.64.8","TLSv1.2","97","443","49656",,
"Aug 31, 2025 20:03:11.513717226 EDT","23.215.0.136","192.168.64.8","TCP","66","443","49678",,
"Aug 31, 2025 20:03:11.513849892 EDT","192.168.64.8","23.215.0.136","TCP","66","49656","443",,
"Aug 31, 2025 20:03:11.513895725 EDT","192.168.64.8","23.215.0.136","TLSv1.2","114","49656","443",,
"Aug 31, 2025 20:03:11.513986100 EDT","192.168.64.8","23.215.0.136","TLSv1.2","90","49656","443",,
"Aug 31, 2025 20:03:11.514434389 EDT","192.168.64.8","23.215.0.136","TCP","66","49656","443",,
"Aug 31, 2025 20:03:11.522392391 EDT","23.215.0.136","192.168.64.8","TLSv1.2","353","443","49678",,
"Aug 31, 2025 20:03:11.522392516 EDT","23.215.0.136","192.168.64.8","TLSv1.2","369","443","49678",,
"Aug 31, 2025 20:03:11.522392558 EDT","23.215.0.136","192.168.64.8","TCP","66","443","49678",,
"Aug 31, 2025 20:03:11.522522182 EDT","192.168.64.8","23.215.0.136","TCP","66","49678","443",,
"Aug 31, 2025 20:03:11.529558105 EDT","23.215.0.136","192.168.64.8","TCP","66","443","49640",,
"Aug 31, 2025 20:03:11.529558147 EDT","23.215.0.136","192.168.64.8","TLSv1.2","90","443","49640",,
"Aug 31, 2025 20:03:11.529558147 EDT","23.215.0.136","192.168.64.8","TCP","66","443","49640",,
"Aug 31, 2025 20:03:11.529574522 EDT","192.168.64.8","23.215.0.136","TCP","54","49640","443",,
"Aug 31, 2025 20:03:11.529588522 EDT","192.168.64.8","23.215.0.136","TCP","54","49640","443",,
"Aug 31, 2025 20:03:11.536372821 EDT","23.215.0.136","192.168.64.8","TCP","66","443","49640",,
"Aug 31, 2025 20:03:11.536372863 EDT","23.215.0.136","192.168.64.8","TCP","66","443","49666",,
"Aug 31, 2025 20:03:11.536378613 EDT","192.168.64.8","23.215.0.136","TCP","54","49640","443",,
"Aug 31, 2025 20:03:11.542907205 EDT","23.215.0.136","192.168.64.8","TLSv1.2","90","443","49666",,
"Aug 31, 2025 20:03:11.542907413 EDT","23.215.0.136","192.168.64.8","TCP","66","443","49666",,
"Aug 31, 2025 20:03:11.542907413 EDT","23.215.0.136","192.168.64.8","TLSv1.2","127","443","49678",,
"Aug 31, 2025 20:03:11.542907455 EDT","23.215.0.136","192.168.64.8","TLSv1.2","97","443","49678",,
"Aug 31, 2025 20:03:11.542907455 EDT","23.215.0.136","192.168.64.8","TLSv1.2","256","443","49678",,
"Aug 31, 2025 20:03:11.542907496 EDT","23.215.0.136","192.168.64.8","TLSv1.2","97","443","49678",,
"Aug 31, 2025 20:03:11.542912746 EDT","192.168.64.8","23.215.0.136","TCP","54","49666","443",,
"Aug 31, 2025 20:03:11.542929038 EDT","192.168.64.8","23.215.0.136","TCP","54","49666","443",,
"Aug 31, 2025 20:03:11.543248161 EDT","192.168.64.8","23.215.0.136","TCP","66","49678","443",,
"Aug 31, 2025 20:03:11.543268328 EDT","192.168.64.8","23.215.0.136","TLSv1.2","97","49678","443",,
"Aug 31, 2025 20:03:11.543313036 EDT","192.168.64.8","23.215.0.136","TLSv1.2","114","49678","443",,
"Aug 31, 2025 20:03:11.543384161 EDT","192.168.64.8","23.215.0.136","TLSv1.2","90","49678","443",,
"Aug 31, 2025 20:03:11.543834658 EDT","192.168.64.8","23.215.0.136","TCP","66","49678","443",,
"Aug 31, 2025 20:03:11.547360599 EDT","23.215.0.136","192.168.64.8","TCP","66","443","49656",,
"Aug 31, 2025 20:03:11.551985951 EDT","192.168.64.8","104.18.4.159","TCP","66","55228","443",,
"Aug 31, 2025 20:03:11.553862066 EDT","23.215.0.136","192.168.64.8","TLSv1.2","90","443","49656",,
"Aug 31, 2025 20:03:11.553862108 EDT","23.215.0.136","192.168.64.8","TCP","66","443","49656",,
"Aug 31, 2025 20:03:11.553870566 EDT","192.168.64.8","23.215.0.136","TCP","54","49656","443",,
"Aug 31, 2025 20:03:11.553877066 EDT","192.168.64.8","23.215.0.136","TCP","54","49656","443",,
"Aug 31, 2025 20:03:11.584961869 EDT","104.18.4.159","192.168.64.8","TCP","66","443","55242",,
"Aug 31, 2025 20:03:11.594504238 EDT","104.18.4.159","192.168.64.8","TCP","66","443","55252",,
"Aug 31, 2025 20:03:11.594504279 EDT","104.18.4.159","192.168.64.8","TCP","66","443","55228",,
"Aug 31, 2025 20:03:11.602749488 EDT","104.18.4.159","192.168.64.8","TCP","66","443","55222",,
"Aug 31, 2025 20:03:11.602749530 EDT","104.18.4.159","192.168.64.8","TCP","66","443","55206",,
"Aug 31, 2025 20:03:11.609006915 EDT","23.215.0.136","192.168.64.8","TCP","66","443","49678",,
"Aug 31, 2025 20:03:11.633356793 EDT","23.215.0.136","192.168.64.8","TLSv1.2","90","443","49678",,
"Aug 31, 2025 20:03:11.633356834 EDT","23.215.0.136","192.168.64.8","TCP","66","443","49678",,
"Aug 31, 2025 20:03:11.633367126 EDT","192.168.64.8","23.215.0.136","TCP","54","49678","443",,
"Aug 31, 2025 20:03:11.633382001 EDT","192.168.64.8","23.215.0.136","TCP","54","49678","443",,
"Aug 31, 2025 20:03:11.650154458 EDT","104.18.4.159","192.168.64.8","TLSv1.3","336","443","55252",,
"Aug 31, 2025 20:03:11.650390999 EDT","192.168.64.8","104.18.4.159","TLSv1.3","114","55252","443",,
"Aug 31, 2025 20:03:11.650512207 EDT","192.168.64.8","104.18.4.159","TLSv1.3","90","55252","443",,
"Aug 31, 2025 20:03:11.651054204 EDT","192.168.64.8","104.18.4.159","TCP","66","55252","443",,
"Aug 31, 2025 20:03:11.658295667 EDT","104.18.4.159","192.168.64.8","TLSv1.3","336","443","55222",,
"Aug 31, 2025 20:03:11.658448375 EDT","192.168.64.8","104.18.4.159","TLSv1.3","114","55222","443",,
"Aug 31, 2025 20:03:11.658556124 EDT","192.168.64.8","104.18.4.159","TLSv1.3","90","55222","443",,
"Aug 31, 2025 20:03:11.659178788 EDT","192.168.64.8","104.18.4.159","TCP","66","55222","443",,
"Aug 31, 2025 20:03:11.678897897 EDT","104.18.4.159","192.168.64.8","TLSv1.3","336","443","55242",,
"Aug 31, 2025 20:03:11.678898022 EDT","104.18.4.159","192.168.64.8","TLSv1.3","336","443","55228",,
"Aug 31, 2025 20:03:11.678931939 EDT","192.168.64.8","104.18.4.159","TCP","66","55228","443",,
"Aug 31, 2025 20:03:11.679215354 EDT","192.168.64.8","104.18.4.159","TLSv1.3","114","55228","443",,
"Aug 31, 2025 20:03:11.679222271 EDT","192.168.64.8","104.18.4.159","TLSv1.3","114","55242","443",,
"Aug 31, 2025 20:03:11.679339270 EDT","192.168.64.8","104.18.4.159","TLSv1.3","90","55242","443",,
"Aug 31, 2025 20:03:11.679350645 EDT","192.168.64.8","104.18.4.159","TLSv1.3","90","55228","443",,
"Aug 31, 2025 20:03:11.680003725 EDT","192.168.64.8","104.18.4.159","TCP","66","55242","443",,
"Aug 31, 2025 20:03:11.680221432 EDT","192.168.64.8","104.18.4.159","TCP","66","55228","443",,
"Aug 31, 2025 20:03:11.703174984 EDT","104.18.4.159","192.168.64.8","TLSv1.3","336","443","55206",,
"Aug 31, 2025 20:03:11.703175276 EDT","104.18.4.159","192.168.64.8","TCP","66","443","55252",,
"Aug 31, 2025 20:03:11.703175276 EDT","104.18.4.159","192.168.64.8","TCP","66","443","55252",,
"Aug 31, 2025 20:03:11.703175317 EDT","104.18.4.159","192.168.64.8","TCP","66","443","55252",,
"Aug 31, 2025 20:03:11.703218775 EDT","192.168.64.8","104.18.4.159","TCP","66","55252","443",,
"Aug 31, 2025 20:03:11.703434566 EDT","192.168.64.8","104.18.4.159","TLSv1.3","114","55206","443",,
"Aug 31, 2025 20:03:11.703526399 EDT","192.168.64.8","104.18.4.159","TLSv1.3","90","55206","443",,
"Aug 31, 2025 20:03:11.704054729 EDT","192.168.64.8","104.18.4.159","TCP","66","55206","443",,
"Aug 31, 2025 20:03:11.711175860 EDT","104.18.4.159","192.168.64.8","TCP","66","443","55222",,
"Aug 31, 2025 20:03:11.711176027 EDT","104.18.4.159","192.168.64.8","TCP","66","443","55222",,
"Aug 31, 2025 20:03:11.711176069 EDT","104.18.4.159","192.168.64.8","TCP","66","443","55222",,
"Aug 31, 2025 20:03:11.711298235 EDT","192.168.64.8","104.18.4.159","TCP","66","55222","443",,
"Aug 31, 2025 20:03:11.719153904 EDT","192.168.64.8","8.8.8.8","ICMP","98",,,,
"Aug 31, 2025 20:03:11.732315379 EDT","104.18.4.159","192.168.64.8","TCP","66","443","55242",,
"Aug 31, 2025 20:03:11.732315421 EDT","104.18.4.159","192.168.64.8","TCP","66","443","55242",,
"Aug 31, 2025 20:03:11.732315421 EDT","104.18.4.159","192.168.64.8","TCP","66","443","55242",,
"Aug 31, 2025 20:03:11.732315463 EDT","104.18.4.159","192.168.64.8","TCP","66","443","55228",,
"Aug 31, 2025 20:03:11.732315504 EDT","104.18.4.159","192.168.64.8","TCP","66","443","55228",,
"Aug 31, 2025 20:03:11.732315504 EDT","104.18.4.159","192.168.64.8","TCP","66","443","55228",,
"Aug 31, 2025 20:03:11.732453962 EDT","192.168.64.8","104.18.4.159","TCP","66","55242","443",,
"Aug 31, 2025 20:03:11.732467004 EDT","192.168.64.8","104.18.4.159","TCP","66","55228","443",,
"Aug 31, 2025 20:03:11.748384174 EDT","8.8.8.8","192.168.64.8","ICMP","98",,,,
"Aug 31, 2025 20:03:11.762773977 EDT","104.18.4.159","192.168.64.8","TCP","66","443","55206",,
"Aug 31, 2025 20:03:11.762774018 EDT","104.18.4.159","192.168.64.8","TCP","66","443","55206",,
"Aug 31, 2025 20:03:11.762774060 EDT","104.18.4.159","192.168.64.8","TCP","66","443","55206",,
"Aug 31, 2025 20:03:11.762774102 EDT","104.18.4.159","192.168.64.8","TCP","66","443","55206",,
"Aug 31, 2025 20:03:11.762789851 EDT","192.168.64.8","104.18.4.159","TCP","66","55206","443",,
"Aug 31, 2025 20:03:12.725320232 EDT","192.168.64.8","8.8.8.8","ICMP","98",,,,
"Aug 31, 2025 20:03:12.744965507 EDT","8.8.8.8","192.168.64.8","ICMP","98",,,,
"Aug 31, 2025 20:03:13.732970539 EDT","192.168.64.8","8.8.8.8","ICMP","98",,,,
"Aug 31, 2025 20:03:13.750869739 EDT","8.8.8.8","192.168.64.8","ICMP","98",,,,
"Aug 31, 2025 20:03:14.738800719 EDT","192.168.64.8","8.8.8.8","ICMP","98",,,,
"Aug 31, 2025 20:03:14.761506768 EDT","8.8.8.8","192.168.64.8","ICMP","98",,,,
"Aug 31, 2025 20:03:15.748353197 EDT","192.168.64.8","8.8.8.8","ICMP","98",,,,
"Aug 31, 2025 20:03:15.793055421 EDT","8.8.8.8","192.168.64.8","ICMP","98",,,,
"Aug 31, 2025 20:03:15.958275056 EDT",,,"ICMPv6","86",,,,
"Aug 31, 2025 20:03:15.959030511 EDT",,,"ICMPv6","78",,,,
"Aug 31, 2025 20:03:16.755962217 EDT","192.168.64.8","8.8.8.8","ICMP","98",,,,
"Aug 31, 2025 20:03:16.781402374 EDT","8.8.8.8","192.168.64.8","ICMP","98",,,,
"Aug 31, 2025 20:03:17.765044047 EDT","192.168.64.8","8.8.8.8","ICMP","98",,,,
"Aug 31, 2025 20:03:17.785811394 EDT","8.8.8.8","192.168.64.8","ICMP","98",,,,
"Aug 31, 2025 20:03:18.771916334 EDT","192.168.64.8","8.8.8.8","ICMP","98",,,,
"Aug 31, 2025 20:03:18.791749893 EDT","8.8.8.8","192.168.64.8","ICMP","98",,,,
"Aug 31, 2025 20:03:19.777041118 EDT","192.168.64.8","8.8.8.8","ICMP","98",,,,
"Aug 31, 2025 20:03:19.800238867 EDT","8.8.8.8","192.168.64.8","ICMP","98",,,,
"Aug 31, 2025 20:03:20.329552340 EDT",,,"ICMPv6","86",,,,
"Aug 31, 2025 20:03:20.329637423 EDT",,,"ICMPv6","78",,,,
"Aug 31, 2025 20:03:20.786137369 EDT","192.168.64.8","8.8.8.8","ICMP","98",,,,
"Aug 31, 2025 20:03:20.811286522 EDT","8.8.8.8","192.168.64.8","ICMP","98",,,,
"Aug 31, 2025 20:03:21.795840441 EDT","192.168.64.8","8.8.8.8","ICMP","98",,,,
"Aug 31, 2025 20:03:21.812990804 EDT","8.8.8.8","192.168.64.8","ICMP","98",,,,
"Aug 31, 2025 20:03:22.806239117 EDT","192.168.64.8","8.8.8.8","ICMP","98",,,,
"Aug 31, 2025 20:03:22.823226356 EDT","8.8.8.8","192.168.64.8","ICMP","98",,,,
"Aug 31, 2025 20:03:23.812731430 EDT","192.168.64.8","8.8.8.8","ICMP","98",,,,
"Aug 31, 2025 20:03:23.838188952 EDT","8.8.8.8","192.168.64.8","ICMP","98",,,,
"Aug 31, 2025 20:03:24.819778354 EDT","192.168.64.8","8.8.8.8","ICMP","98",,,,
"Aug 31, 2025 20:03:24.837147630 EDT","8.8.8.8","192.168.64.8","ICMP","98",,,,
"Aug 31, 2025 20:03:25.827800093 EDT","192.168.64.8","8.8.8.8","ICMP","98",,,,
"Aug 31, 2025 20:03:25.848322808 EDT","8.8.8.8","192.168.64.8","ICMP","98",,,,
"Aug 31, 2025 20:03:26.838126976 EDT","192.168.64.8","8.8.8.8","ICMP","98",,,,
"Aug 31, 2025 20:03:26.865274359 EDT","8.8.8.8","192.168.64.8","ICMP","98",,,,
"Aug 31, 2025 20:03:27.843432631 EDT","192.168.64.8","8.8.8.8","ICMP","98",,,,
"Aug 31, 2025 20:03:27.874643198 EDT","8.8.8.8","192.168.64.8","ICMP","98",,,,
"Aug 31, 2025 20:03:28.852967086 EDT","192.168.64.8","8.8.8.8","ICMP","98",,,,
"Aug 31, 2025 20:03:28.889918325 EDT","8.8.8.8","192.168.64.8","ICMP","98",,,,
"Aug 31, 2025 20:03:29.862542524 EDT","192.168.64.8","8.8.8.8","ICMP","98",,,,
"Aug 31, 2025 20:03:29.878523178 EDT","8.8.8.8","192.168.64.8","ICMP","98",,,,
"Aug 31, 2025 20:03:30.870055255 EDT","192.168.64.8","8.8.8.8","ICMP","98",,,,
"Aug 31, 2025 20:03:30.894590191 EDT","8.8.8.8","192.168.64.8","ICMP","98",,,,
"Aug 31, 2025 20:03:31.879034676 EDT","192.168.64.8","8.8.8.8","ICMP","98",,,,
"Aug 31, 2025 20:03:31.904571188 EDT","8.8.8.8","192.168.64.8","ICMP","98",,,,
"Aug 31, 2025 20:03:32.886241267 EDT","192.168.64.8","8.8.8.8","ICMP","98",,,,
"Aug 31, 2025 20:03:32.908784295 EDT","8.8.8.8","192.168.64.8","ICMP","98",,,,
"Aug 31, 2025 20:03:33.892157852 EDT","192.168.64.8","8.8.8.8","ICMP","98",,,,
"Aug 31, 2025 20:03:33.909120789 EDT","8.8.8.8","192.168.64.8","ICMP","98",,,,
"Aug 31, 2025 20:03:34.901051578 EDT","192.168.64.8","8.8.8.8","ICMP","98",,,,
"Aug 31, 2025 20:03:34.925332718 EDT","8.8.8.8","192.168.64.8","ICMP","98",,,,
"Aug 31, 2025 20:03:35.910285585 EDT","192.168.64.8","8.8.8.8","ICMP","98",,,,
"Aug 31, 2025 20:03:35.926341859 EDT","8.8.8.8","192.168.64.8","ICMP","98",,,,
"Aug 31, 2025 20:03:36.916108772 EDT","192.168.64.8","8.8.8.8","ICMP","98",,,,
"Aug 31, 2025 20:03:36.937288846 EDT","8.8.8.8","192.168.64.8","ICMP","98",,,,
"Aug 31, 2025 20:03:37.922010618 EDT","192.168.64.8","8.8.8.8","ICMP","98",,,,
"Aug 31, 2025 20:03:37.947948286 EDT","8.8.8.8","192.168.64.8","ICMP","98",,,,
"Aug 31, 2025 20:03:38.929313442 EDT","192.168.64.8","8.8.8.8","ICMP","98",,,,
"Aug 31, 2025 20:03:38.955140442 EDT","8.8.8.8","192.168.64.8","ICMP","98",,,,
"Aug 31, 2025 20:03:39.934319190 EDT","192.168.64.8","8.8.8.8","ICMP","98",,,,
"Aug 31, 2025 20:03:39.954105978 EDT","8.8.8.8","192.168.64.8","ICMP","98",,,,
"Aug 31, 2025 20:03:40.939918343 EDT","192.168.64.8","8.8.8.8","ICMP","98",,,,
"Aug 31, 2025 20:03:40.962630403 EDT","8.8.8.8","192.168.64.8","ICMP","98",,,,
"Aug 31, 2025 20:03:41.950408831 EDT","192.168.64.8","8.8.8.8","ICMP","98",,,,
"Aug 31, 2025 20:03:41.970111201 EDT","8.8.8.8","192.168.64.8","ICMP","98",,,,
"Aug 31, 2025 20:03:42.957896746 EDT","192.168.64.8","8.8.8.8","ICMP","98",,,,
"Aug 31, 2025 20:03:42.976969495 EDT","8.8.8.8","192.168.64.8","ICMP","98",,,,
"Aug 31, 2025 20:03:43.965501320 EDT","192.168.64.8","8.8.8.8","ICMP","98",,,,
"Aug 31, 2025 20:03:43.984807816 EDT","8.8.8.8","192.168.64.8","ICMP","98",,,,
"Aug 31, 2025 20:03:44.973651257 EDT","192.168.64.8","8.8.8.8","ICMP","98",,,,
"Aug 31, 2025 20:03:45.000935741 EDT","8.8.8.8","192.168.64.8","ICMP","98",,,,
"Aug 31, 2025 20:03:45.143270237 EDT",,,"ARP","42",,,,
"Aug 31, 2025 20:03:45.144014065 EDT",,,"ARP","42",,,,
"Aug 31, 2025 20:03:45.589863507 EDT",,,"ICMPv6","142",,,,
"Aug 31, 2025 20:03:45.600356936 EDT",,,"ICMPv6","110",,,,
"Aug 31, 2025 20:03:45.831493372 EDT",,,"ICMPv6","110",,,,
"Aug 31, 2025 20:03:45.982010812 EDT","192.168.64.8","8.8.8.8","ICMP","98",,,,
"Aug 31, 2025 20:03:46.003571374 EDT","8.8.8.8","192.168.64.8","ICMP","98",,,,
"Aug 31, 2025 20:03:46.989526364 EDT","192.168.64.8","8.8.8.8","ICMP","98",,,,
"Aug 31, 2025 20:03:47.010159640 EDT","8.8.8.8","192.168.64.8","ICMP","98",,,,
"Aug 31, 2025 20:03:47.995655378 EDT","192.168.64.8","8.8.8.8","ICMP","98",,,,
"Aug 31, 2025 20:03:48.022025113 EDT","8.8.8.8","192.168.64.8","ICMP","98",,,,
"Aug 31, 2025 20:03:49.001250847 EDT","192.168.64.8","8.8.8.8","ICMP","98",,,,
"Aug 31, 2025 20:03:49.022555117 EDT","8.8.8.8","192.168.64.8","ICMP","98",,,,
"Aug 31, 2025 20:03:50.006740936 EDT","192.168.64.8","8.8.8.8","ICMP","98",,,,
"Aug 31, 2025 20:03:50.031832761 EDT","8.8.8.8","192.168.64.8","ICMP","98",,,,
"Aug 31, 2025 20:03:51.013783550 EDT","192.168.64.8","8.8.8.8","ICMP","98",,,,
"Aug 31, 2025 20:03:51.032947706 EDT","8.8.8.8","192.168.64.8","ICMP","98",,,,
"Aug 31, 2025 20:03:52.019873622 EDT","192.168.64.8","8.8.8.8","ICMP","98",,,,
"Aug 31, 2025 20:03:52.045316400 EDT","8.8.8.8","192.168.64.8","ICMP","98",,,,
"Aug 31, 2025 20:03:53.027842551 EDT","192.168.64.8","8.8.8.8","ICMP","98",,,,
"Aug 31, 2025 20:03:53.051130593 EDT","8.8.8.8","192.168.64.8","ICMP","98",,,,
"Aug 31, 2025 20:03:54.035912723 EDT","192.168.64.8","8.8.8.8","ICMP","98",,,,
"Aug 31, 2025 20:03:54.065714425 EDT","8.8.8.8","192.168.64.8","ICMP","98",,,,
"Aug 31, 2025 20:03:55.043718601 EDT","192.168.64.8","8.8.8.8","ICMP","98",,,,
"Aug 31, 2025 20:03:55.067152265 EDT","8.8.8.8","192.168.64.8","ICMP","98",,,,
"Aug 31, 2025 20:03:56.052048178 EDT","192.168.64.8","8.8.8.8","ICMP","98",,,,
"Aug 31, 2025 20:03:56.087770626 EDT","8.8.8.8","192.168.64.8","ICMP","98",,,,
"Aug 31, 2025 20:03:57.061238535 EDT","192.168.64.8","8.8.8.8","ICMP","98",,,,
"Aug 31, 2025 20:03:57.086710807 EDT","8.8.8.8","192.168.64.8","ICMP","98",,,,
"Aug 31, 2025 20:03:58.067890199 EDT","192.168.64.8","8.8.8.8","ICMP","98",,,,
"Aug 31, 2025 20:03:58.097997602 EDT","8.8.8.8","192.168.64.8","ICMP","98",,,,
"Aug 31, 2025 20:03:59.074816897 EDT","192.168.64.8","8.8.8.8","ICMP","98",,,,
"Aug 31, 2025 20:03:59.103687766 EDT","8.8.8.8","192.168.64.8","ICMP","98",,,,
"Aug 31, 2025 20:04:00.079855811 EDT","192.168.64.8","8.8.8.8","ICMP","98",,,,
"Aug 31, 2025 20:04:00.103901756 EDT","8.8.8.8","192.168.64.8","ICMP","98",,,,
